Ticker;SimFinId;Currency;"Fiscal Year";"Fiscal Period";"Report Date";"Publish Date";"Restated Date";"Shares (Basic)";"Shares (Diluted)";"Net Income/Starting Line";"Depreciation & Amortization";"Non-Cash Items";"Change in Working Capital";"Change in Accounts Receivable";"Change in Inventories";"Change in Accounts Payable";"Change in Other";"Net Cash from Operating Activities";"Change in Fixed Assets & Intangibles";"Net Change in Long Term Investment";"Net Cash from Acquisitions & Divestitures";"Net Cash from Investing Activities";"Dividends Paid";"Cash from (Repayment of) Debt";"Cash from (Repurchase of) Equity";"Net Cash from Financing Activities";"Net Change in Cash"
1COV.DE;854465;EUR;2016;FY;2016-12-31;2017-02-15;2018-02-15;202500000;202500000;806000000;683000000;116000000;181000000;;;;;1786000000;-413000000;-15000000;;-958000000;-143000000;-934000000;;-1206000000;-375000000
1COV.DE;854465;EUR;2017;FY;2017-12-31;2018-02-15;2019-02-15;202396416;202396416;2017000000;627000000;253000000;-536000000;;;;;2361000000;-502000000;-29000000;43000000;-747000000;-274000000;-86000000;-143000000;-634000000;980000000
1COV.DE;854465;EUR;2018;FY;2018-12-31;2019-02-15;2020-02-15;192768826;192768826;1829000000;620000000;158000000;-231000000;;;;;2376000000;-684000000;-19000000;66000000;-346000000;-441000000;-582000000;-1305000000;-2402000000;-372000000
1COV.DE;854465;EUR;2019;FY;2019-12-31;2020-02-15;2021-02-15;182728724;182728724;557000000;752000000;-3000000;77000000;;;;;1383000000;-904000000;-13000000;40000000;-838000000;-442000000;-147000000;7000000;-668000000;-117000000
1COV.DE;854465;EUR;2020;FY;2020-12-31;2021-02-15;2022-02-15;182728724;182728724;454000000;776000000;120000000;-116000000;;;;;1234000000;-698000000;-9000000;-3000000;-1769000000;-221000000;1056000000;4000000;1204000000;655000000
ADS.DE;847329;EUR;2016;FY;2016-12-31;2017-02-15;2018-02-15;200188276;206146908;1158000000;376000000;-79000000;-145000000;;;;;1349000000;-637000000;-33000000;50000000;-615000000;-322000000;18000000;-218000000;-555000000;144000000
ADS.DE;847329;EUR;2017;FY;2017-12-31;2018-02-15;2019-02-15;202391673;204240629;1504000000;484000000;-75000000;-271000000;;;;;1648000000;-744000000;-132000000;199000000;-681000000;-406000000;-275000000;-100000000;-768000000;88000000
ADS.DE;847329;EUR;2018;FY;2018-12-31;2019-02-15;2020-02-15;201759012;202044967;1581000000;490000000;-77000000;712000000;;;;;2686000000;-692000000;-56000000;42000000;-635000000;-529000000;617000000;-1003000000;-990000000;1032000000
ADS.DE;847329;EUR;2019;FY;2019-12-31;2020-02-15;2021-02-15;197606107;197606107;1976000000;1214000000;-115000000;-248000000;;;;;2818000000;-695000000;-80000000;132000000;-927000000;-666000000;-639000000;-837000000;-2274000000;-413000000
ADS.DE;847329;EUR;2020;FY;2020-12-31;2021-02-15;2022-02-15;195155924;195161729;578000000;1261000000;-212000000;-261000000;;;;;1486000000;-411000000;-49000000;41000000;-141000000;-17000000;932000000;-286000000;504000000;1774000000
BAS.DE;854462;EUR;2016;FY;2016-12-31;2017-02-15;2018-02-15;918479000;919727891;4056000000;4291000000;-734000000;104000000;-640000000;-182000000;;926000000;7717000000;-4145000000;-1389000000;-2164000000;-6490000000;-2664000000;-6926000000;;-2160000000;-867000000
BAS.DE;854462;EUR;2017;FY;2017-12-31;2018-02-15;2019-02-15;918479000;919515885;6078000000;4213000000;-339000000;-1167000000;-870000000;-915000000;;618000000;8785000000;-3996000000;-748000000;27000000;-3958000000;-2755000000;-5305000000;;394000000;5111000000
BAS.DE;854462;EUR;2018;FY;2018-12-31;2019-02-15;2020-02-15;918479000;921135029;4707000000;3750000000;-66000000;-452000000;-394000000;-1249000000;;1191000000;7939000000;-3894000000;-1210000000;-7255000000;-11804000000;-2847000000;-3389000000;3000000;-52000000;-3976000000
BAS.DE;854462;EUR;2019;FY;2019-12-31;2020-02-15;2021-02-15;918479000;920327869;8421000000;4218000000;-6575000000;1410000000;25000000;479000000;;906000000;7474000000;-3824000000;-1126000000;2361000000;-1190000000;-2939000000;-13698000000;;-6405000000;-84000000
BAS.DE;854462;EUR;2020;FY;2020-12-31;2021-02-15;2022-02-15;918479000;918479000;-1060000000;6751000000;122000000;-400000000;-2176000000;849000000;;927000000;5413000000;-3129000000;-877000000;1280000000;-1904000000;-3031000000;-13552000000;;-1556000000;1872000000
BAYN.DE;849702;EUR;2016;FY;2016-12-31;2017-02-15;2018-02-15;832502808;832502808;3756000000;3063000000;-61000000;-323000000;;;;;9089000000;-2467000000;-690000000;-16000000;-8729000000;-2126000000;-730000000;3300000000;-350000000;10000000
BAYN.DE;849702;EUR;2017;FY;2017-12-31;2018-02-15;2019-02-15;872107808;872107808;3248000000;2660000000;474000000;229000000;;;;;8134000000;-2125000000;-313000000;295000000;-432000000;-2364000000;-2479000000;;-1881000000;5821000000
BAYN.DE;849702;EUR;2018;FY;2018-12-31;2019-02-15;2020-02-15;904754504;904754504;1390000000;6241000000;-4496000000;4398000000;;;;;7917000000;-2363000000;2879000000;-37753000000;-34152000000;-2407000000;17819000000;8986000000;23432000000;-2803000000
BAYN.DE;849702;EUR;2019;FY;2019-12-31;2020-02-15;2021-02-15;981690000;981690000;2410000000;5367000000;-1418000000;1624000000;;;;;8207000000;-2367000000;-272000000;2136000000;-671000000;-2615000000;-4296000000;;-8389000000;-847000000
BAYN.DE;849702;EUR;2020;FY;2020-12-31;2021-02-25;2022-02-15;981690000;981690000;-15561000000;13259000000;-1888000000;8759000000;;;;;4903000000;-2089000000;428000000;1909000000;-4073000000;-2768000000;4467000000;;423000000;1013000000
BEI.DE;854463;EUR;2016;FY;2016-12-31;2017-02-15;2018-02-15;226818984;226818984;;148000000;1021000000;-227000000;;;;;942000000;-154000000;705000000;;-764000000;-159000000;-25000000;;-233000000;-46000000
BEI.DE;854463;EUR;2017;FY;2017-12-31;2018-02-15;2019-02-15;226818984;226818984;768000000;150000000;12000000;-19000000;;;;;911000000;-165000000;935000000;;-633000000;-159000000;1000000;;-202000000;29000000
BEI.DE;854463;EUR;2018;FY;2018-12-31;2019-02-15;2020-02-15;226818984;226818984;805000000;165000000;-37000000;-65000000;;;;;868000000;-319000000;695000000;-87000000;-635000000;-159000000;0;;-210000000;18000000
BEI.DE;854463;EUR;2019;FY;2019-12-31;2020-02-15;2021-02-15;226818984;226818984;;239000000;998000000;-252000000;;;;;985000000;-307000000;1120000000;-452000000;-750000000;-159000000;199000000;;-21000000;226000000
BEI.DE;854463;EUR;2020;FY;2020-12-31;2021-02-15;2022-02-15;226818984;226818984;577000000;257000000;-32000000;182000000;;;;;984000000;-272000000;740000000;;-731000000;-159000000;-127000000;;-317000000;-140000000
BMW.DE;825112;EUR;2016;FY;2016-12-31;2017-02-15;2018-02-15;656804571;656804571;6910000000;4998000000;949000000;-9684000000;;;;;3173000000;-5813000000;-190000000;;-5863000000;-2121000000;3600000000;20000000;4393000000;1758000000
BMW.DE;825112;EUR;2017;FY;2017-12-31;2018-02-15;2019-02-15;657109486;657109486;8675000000;4822000000;168000000;-7756000000;;;;;5909000000;-7082000000;-317000000;1236000000;-6163000000;-2324000000;7154000000;38000000;1572000000;1159000000
BMW.DE;825112;EUR;2018;FY;2018-12-31;2019-02-15;2020-02-15;657600576;657600576;7097000000;5113000000;-426000000;-6733000000;;;;;5051000000;-7649000000;-128000000;414000000;-7363000000;-2630000000;8198000000;25000000;4296000000;1940000000
BMW.DE;825112;EUR;2019;FY;2019-12-31;2020-02-15;2021-02-15;658118053;658118053;7118000000;6017000000;-7139000000;-2334000000;;;;;3662000000;-6820000000;47000000;;-7284000000;-2366000000;-143467000000;;4790000000;1057000000
BMW.DE;825112;EUR;2020;FY;2020-12-31;2021-02-15;2022-02-15;659040590;659040590;5222000000;6139000000;1934000000;-44000000;;;;;13251000000;-6063000000;1275000000;;-3636000000;-1671000000;-7026000000;;-8254000000;1501000000
BNTX;1212484;EUR;2018;FY;2018-12-31;2019-04-01;2021-03-30;211499000;211499000;-47662000;21984000;7866000;-41065000;;;;;-58877000;-66452000;;;-66452000;;5600000;361725000;365177000;239389000
BNTX;1212484;EUR;2019;FY;2019-12-31;2020-03-31;2022-03-30;211499000;211499000;-179400000;33900000;30500000;-83500000;;;;;-198500000;-71100000;;-6100000;-77200000;;11000000;375400000;383300000;107600000
BNTX;1212484;EUR;2020;FY;2020-12-31;2021-03-30;2022-03-30;211499000;211499000;-145800000;38700000;186700000;-93100000;;;;;-13500000;-84200000;;-60600000;-144800000;;154400000;753000000;894700000;691100000
CON.DE;854464;EUR;2016;FY;2016-12-31;2017-02-15;2018-02-15;200000000;200000000;2981700000;1961600000;-85500000;80300000;;;;;4938100000;-2655200000;;-511600000;-3166800000;-750000000;-347100000;;-1254700000;485500000
CON.DE;854464;EUR;2017;FY;2017-12-31;2018-02-15;2019-02-15;200000000;200000000;3374700000;2117400000;-111900000;-159700000;;;;;5220500000;-2891800000;;-575900000;-3467700000;-850000000;-996800000;;-1879200000;-225500000
CON.DE;854464;EUR;2018;FY;2018-12-31;2019-02-15;2020-02-15;200000000;200000000;3133300000;2208000000;-246400000;-117700000;;;;;4977200000;-3221400000;;-404800000;-3626200000;-900000000;467600000;;-471300000;879900000
CON.DE;854464;EUR;2019;FY;2019-12-31;2020-02-15;2021-02-15;200000000;200000000;-1149900000;5245500000;108300000;210500000;;;;;4414400000;-3166400000;;-486300000;-3652700000;-950000000;858000000;;-220000000;580400000
CON.DE;854464;EUR;2020;FY;2020-12-31;2021-02-15;2022-02-15;200000000;200000000;-1708900000;3751900000;-164800000;835800000;;;;;2714000000;-2068500000;;233200000;-1835300000;-600000000;-397000000;;-1140600000;-403100000
DAI.DE;825113;EUR;2016;FY;2016-12-31;2017-02-15;2018-02-15;1069800000;1069800000;12574000000;5478000000;-3957000000;-10384000000;;;;;3711000000;-8467000000;-2330000000;-3905000000;-14666000000;-3477000000;15763000000;27000000;12009000000;1045000000
DAI.DE;825113;EUR;2017;FY;2017-12-31;2018-02-15;2019-02-15;1069800000;1069800000;13967000000;5676000000;-4996000000;-16299000000;;;;;-1652000000;-9346000000;537000000;-687000000;-9518000000;-3477000000;16794000000;72000000;13129000000;1091000000
DAI.DE;825113;EUR;2018;FY;2018-12-31;2019-02-15;2020-02-15;1069800000;1069800000;10595000000;6305000000;-2528000000;-14029000000;;;;;343000000;-10057000000;471000000;-417000000;-9921000000;-3905000000;17456000000;68000000;13226000000;3781000000
DAI.DE;825113;EUR;2019;FY;2019-12-31;2020-02-15;2021-02-15;1069800000;1069800000;3830000000;7751000000;-1642000000;-2051000000;;;;;7888000000;-10406000000;1054000000;-1225000000;-10607000000;-3477000000;9404000000;43000000;5628000000;3030000000
DAI.DE;825113;EUR;2020;FY;2020-12-31;2021-02-18;2022-02-15;1069825436;1069825436;6339000000;8957000000;-915000000;7951000000;;;;;22332000000;-8195000000;2149000000;-402000000;-6421000000;-963000000;-9503000000;1000000;-10747000000;4165000000
DB1.DE;854467;EUR;2016;FY;2016-12-31;2017-02-15;2018-02-15;186764058;186810215;1298200000;135300000;-69900000;257800000;;;;;1621400000;-164600000;-29000000;908500000;578500000;-420100000;-416600000;3800000;-848800000;1432500000
DB1.DE;854467;EUR;2017;FY;2017-12-31;2018-02-15;2019-02-15;186835673;186853039;896000000;159900000;-106800000;107100000;;;;;1056200000;-149200000;546700000;-167900000;181900000;-439000000;0;-22700000;-501000000;727100000
DB1.DE;854467;EUR;2018;FY;2018-12-31;2019-02-15;2020-02-15;184887281;184894886;852500000;210500000;2400000;232800000;;;;;1298200000;-159800000;220800000;-174400000;792000000;-453300000;-7600000;-357700000;-832900000;1258800000
DB1.DE;854467;EUR;2019;FY;2019-12-31;2020-02-15;2021-02-15;183381196;183384448;1035400000;226200000;42000000;-377500000;;;;;926100000;-182300000;-178700000;-671100000;-723000000;-495000000;0;6200000;99400000;302500000
DB1.DE;854467;EUR;2020;FY;2020-12-31;2021-02-15;2022-02-15;183381196;183381196;1125100000;264300000;69900000;-47200000;;;;;1412100000;-193000000;625300000;-454700000;-787700000;-531900000;342600000;9100000;-254200000;361300000
DHER.DE;1087474;EUR;2016;FY;2016-12-31;2017-02-15;2018-02-15;171998900;171998900;-211400000;53300000;6700000;55400000;;;;;-96000000;-17300000;-3000000;130800000;112000000;;67100000;400000;58400000;70800000
DHER.DE;1087474;EUR;2017;FY;2017-12-31;2018-02-15;2019-02-15;157734000;157734000;-353900000;54700000;31900000;56600000;;;;;-210700000;-21600000;2000000;-99000000;-117400000;;-368400000;1128400000;748800000;410200000
DHER.DE;1087474;EUR;2018;FY;2018-12-31;2019-02-15;2020-02-15;186169000;186169000;-50400000;57900000;-238300000;66200000;;;;;-164600000;-48300000;-15600000;23300000;-37100000;0;-1200000;12000000;10600000;-201200000
DHER.DE;1087474;EUR;2019;FY;2019-12-31;2020-02-15;2021-02-15;190355000;190355000;244800000;99600000;-790200000;81000000;;;;;-364800000;-91400000;381800000;329800000;627000000;200000;-27600000;27600000;0;259400000
DHER.DE;1087474;EUR;2020;FY;2020-12-31;2021-04-28;2022-02-15;200534000;200534000;-1418600000;148400000;262800000;477400000;;;;;-530000000;-207300000;-9500000;-689700000;-905300000;100000;3189600000;589800000;3764500000;2277700000
DPW.DE;854468;EUR;2016;FY;2016-12-31;2017-02-15;2018-02-15;1203092606;1257325283;3491000000;1377000000;-2354000000;-75000000;;;;;2439000000;-1701000000;505000000;-288000000;-1643000000;-1155000000;1110000000;-836000000;-1233000000;-503000000
DPW.DE;854468;EUR;2017;FY;2017-12-31;2018-02-15;2019-02-15;1210097823;1260834267;3741000000;1471000000;-854000000;-1061000000;;;;;3297000000;-1967000000;-98000000;207000000;-2091000000;-1390000000;654000000;-95000000;-1087000000;28000000
DPW.DE;854468;EUR;2018;FY;2018-12-31;2019-02-15;2020-02-15;1230118545;1251910180;3162000000;3292000000;-375000000;-283000000;;;;;5796000000;-2498000000;59000000;-83000000;-2777000000;-1533000000;-971000000;-44000000;-3039000000;-85000000
DPW.DE;854468;EUR;2019;FY;2019-12-31;2020-02-15;2021-02-15;1234109757;1256971969;4128000000;3684000000;-1767000000;4000000;;;;;6049000000;-3474000000;45000000;680000000;-2140000000;-1569000000;-1970000000;0;-4112000000;-188000000
DPW.DE;854468;EUR;2020;FY;2020-12-31;2021-02-15;2022-02-15;1234109757;1234109757;4847000000;3830000000;-518000000;-460000000;;;;;7699000000;-2800000000;34000000;-8000000;-3640000000;-1579000000;23000000;-45000000;-2250000000;1617000000
DRI.DE;936426;EUR;2017;FY;2017-12-31;2018-03-08;2019-02-15;;;310371000;39768000;73997000;-130011000;;;;;294125000;-15556000;;54037000;4104000;0;-250347000;0;-153111000;145118000
DRI.DE;936426;EUR;2018;FY;2018-12-31;2019-03-08;2019-03-08;;;406032000;127274000;-132255000;-245499000;;;;;155552000;-12951000;;0;-21461000;-282823000;-171629000;-15352000;-279804000;-145713000
DTE.DE;1099105;EUR;2016;FY;2016-12-31;2017-02-15;2018-02-15;4625000000;4625000000;4547000000;13380000000;-1789000000;-605000000;;;;;15533000000;-13276000000;-483000000;2000000;-13608000000;-1596000000;362000000;;-1322000000;850000000
DTE.DE;1099105;EUR;2017;FY;2017-12-31;2018-02-15;2018-11-16;4703000000;4703000000;2092000000;14586000000;2077000000;-1558000000;;;;;17197000000;-19094000000;251000000;513000000;-16814000000;-1559000000;-2531000000;;-4594000000;-4434000000
DTE.DE;1099105;EUR;2018;FY;2018-12-31;2019-02-15;2021-02-15;4742000000;4742000000;8001000000;13836000000;-3619000000;-269000000;;;;;17949000000;-11967000000;-639000000;-2147000000;-14296000000;-3254000000;1522000000;;-3260000000;368000000
DTE.DE;1099105;EUR;2019;FY;2019-12-31;2020-02-15;2022-02-15;4743000000;4743000000;7260000000;17663000000;2201000000;-4050000000;;;;;23074000000;-14241000000;-417000000;-199000000;-14231000000;-3561000000;-3333000000;;-7142000000;1712000000
DTE.DE;1099105;EUR;2020;FY;2020-12-31;2021-02-15;2022-02-15;4743000000;4743000000;8677000000;25829000000;758000000;-11521000000;;;;;23743000000;-18534000000;-566000000;-3934000000;-22651000000;-3067000000;11140000000;;7561000000;7544000000
DWNI.DE;1105024;EUR;2019;FY;2019-12-31;2020-02-15;2021-02-15;354530000;354530000;1600900000;42900000;-892600000;-291110000;;;;;460090000;-571010000;-27420000;-83200000;-679830000;-225700000;905900000;-93300000;572500000;352800000
DWNI.DE;1105024;EUR;2020;FY;2020-12-31;2021-02-15;2021-02-15;357087000;357087000;1544600000;40000000;-847200000;-232900000;;;;;504500000;197000000;-644500000;-517100000;-899600000;-312600000;1119300000;-507000000;292800000;-102300000
EOAN.DE;854469;EUR;2016;FY;2016-12-31;2017-02-15;2018-02-15;1952000000;1952000000;-2165000000;3823000000;2597000000;-1294000000;;;;;5293000000;-2672000000;-463000000;;-4366000000;-1089000000;-492000000;429000000;-288000000;552000000
EOAN.DE;854469;EUR;2017;FY;2017-12-31;2018-02-15;2019-02-15;2129000000;2129000000;4157000000;1700000000;-815000000;-8551000000;;;;;-2952000000;-1912000000;3631000000;;-391000000;-550000000;-1122000000;1361000000;540000000;-2811000000
EOAN.DE;854469;EUR;2018;FY;2018-12-31;2019-02-15;2020-02-15;2167000000;2167000000;3238000000;1575000000;-981000000;-1537000000;;;;;2853000000;-2162000000;3078000000;;1011000000;-883000000;-1855000000;6000000;-2637000000;1227000000
EOAN.DE;854469;EUR;2019;FY;2019-12-31;2020-02-15;2021-02-15;2293000000;2293000000;729000000;2489000000;-425000000;20000000;;;;;2965000000;-3049000000;-2252000000;;-5820000000;-1120000000;2447000000;-342000000;792000000;-2074000000
EOAN.DE;854469;EUR;2020;FY;2020-12-31;2021-02-15;2022-02-15;2293000000;2293000000;1148712123;3653079930;93826105;-259556327;;;;;4658860697;-3619758510;2425448652;;-1634503359;-1370562633;-930369132;;-2300931765;658536492
FMS;1108967;EUR;2016;FY;2016-12-31;2017-02-15;2019-02-15;611496762;611496762;1420052000;701536000;22284000;-211899000;;;;;1931973000;-1436363000;;190247000;-1246116000;-244251000;-100541000;47467000;-519717000;204152000
FMS;1108967;EUR;2017;FY;2017-12-31;2018-02-15;2020-02-15;613126800;613126800;1554534000;735479000;57457000;-155659000;;;;;2191811000;-1406929000;;415388000;-991541000;-293973000;-150767000;-10347000;-798630000;269227000
FMS;1108967;EUR;2018;FY;2018-12-31;2019-02-15;2021-02-15;613083412;613083412;2225657000;789566000;-479474000;-473838000;;;;;2061911000;-1002747000;150172000;1087787000;-245039000;-324838000;-137984000;10183000;-681736000;1167523000
FMS;1108967;EUR;2019;FY;2019-12-31;2020-02-15;2021-02-15;605382794;605382794;1438500000;1593160000;322949000;-787658000;;;;;2566951000;-1113256000;16623000;-2178042000;-3285987000;-354636000;699978000;-583932000;-466633000;-1137909000
FMS;1108967;EUR;2020;FY;2020-12-31;2021-02-15;2021-02-15;605382794;605382794;1435832000;1785899000;326241000;685184000;;;;;4233156000;-1036405000;42241000;-244377000;-1334942000;-351170000;-1639831000;-353335000;-2664027000;73816000
FRE.DE;849704;EUR;2016;FY;2016-12-31;2017-02-15;2018-02-15;546395188;550084660;2676000000;1215000000;5000000;-311000000;;;;;3585000000;-1616000000;-485000000;;-2101000000;-738000000;-430000000;78000000;-974000000;535000000
FRE.DE;849704;EUR;2017;FY;2017-12-31;2018-02-15;2019-02-15;554124656;557506980;3033000000;1437000000;-329000000;-204000000;;;;;3937000000;-1705000000;-5865000000;;-7570000000;-924000000;4616000000;81000000;3872000000;57000000
FRE.DE;849704;EUR;2018;FY;2018-12-31;2019-02-15;2020-02-15;555543954;557304502;3714000000;1494000000;-711000000;-755000000;;;;;3742000000;-2077000000;613000000;;-1464000000;-904000000;-134000000;92000000;-1273000000;1073000000
FRE.DE;849704;EUR;2019;FY;2019-12-31;2020-02-15;2021-02-15;556820762;557417314;3029000000;2452000000;-36000000;-1182000000;;;;;4263000000;-2433000000;-2423000000;;-4856000000;-952000000;638000000;49000000;-484000000;-1055000000
FRE.DE;849704;EUR;2020;FY;2020-12-31;2021-02-15;2022-02-15;557451759;557743862;2475430783;2380727799;-14906952;901432110;;;;;5742683740;-2074696859;-565587267;;-2640284126;-929492253;-1158357798;15783830;-2733233351;160468946
HEI.DE;854470;EUR;2016;FY;2016-12-31;2017-02-15;2018-02-15;193023000;193023000;834000000;1035100000;319200000;-286000000;;;;;1874000000;-1039900000;;-2346700000;-2320900000;-244300000;1380700000;-1900000;1056100000;621900000
HEI.DE;854470;EUR;2017;FY;2017-12-31;2018-02-15;2019-02-15;198416000;198416000;1109000000;1179700000;81000000;-328000000;;;;;2038000000;-1035400000;;-130200000;-837100000;-317500000;-302100000;;-922300000;136600000
HEI.DE;854470;EUR;2018;FY;2018-12-31;2019-02-15;2020-02-15;198416000;198416000;1300300000;1129800000;-30700000;-430300000;;;;;1968200000;-1060800000;;-316800000;-1134300000;-377000000;228400000;7600000;-348200000;479000000
HEI.DE;854470;EUR;2019;FY;2019-12-31;2020-02-15;2021-02-15;198416000;198416000;1274600000;1468100000;160400000;-226900000;;;;;2663500000;-1006600000;;69600000;-905700000;-416700000;-404100000;-200000;-873400000;957900000
HEI.DE;854470;EUR;2020;FY;2020-12-31;2021-02-15;2022-02-15;198416000;198416000;-1937000000;4832800000;243100000;-92600000;;;;;3026800000;-901900000;;-74400000;-949200000;-119100000;-2288100000;-10200000;-2641200000;-671700000
HEN.DE;854471;EUR;2016;FY;2016-12-31;2017-02-15;2018-02-15;434278198;434278198;2006000000;570000000;-7000000;281000000;;;;;2850000000;-523000000;;-3727000000;-4250000000;-633000000;2740000000;;1678000000;213000000
HEN.DE;854471;EUR;2017;FY;2017-12-31;2018-02-15;2019-02-15;434278198;434278198;2328000000;672000000;-36000000;-496000000;;;;;2468000000;-669000000;;-1782000000;-2451000000;-698000000;954000000;;-412000000;-470000000
HEN.DE;854471;EUR;2018;FY;2018-12-31;2019-02-15;2020-02-15;434278198;434278198;2530000000;578000000;-31000000;-379000000;;;;;2698000000;-769000000;;-439000000;-1208000000;-772000000;-289000000;-33000000;-1330000000;144000000
HEN.DE;854471;EUR;2019;FY;2019-12-31;2020-02-15;2021-02-15;434278198;434278198;2292000000;757000000;-11000000;203000000;;;;;3241000000;-599000000;;-574000000;-1461000000;-798000000;-338000000;;-1395000000;397000000
HEN.DE;854471;EUR;2020;FY;2020-12-31;2021-02-15;2022-02-15;434278198;434278198;1401000000;1096000000;-15000000;597000000;;;;;3079000000;-695000000;;-417000000;-1261000000;-798000000;-560000000;;-1476000000;265000000
IFX.DE;858321;EUR;2016;FY;2016-09-30;2016-11-16;2017-11-16;1125200000;1129300000;741000000;833000000;51000000;-312000000;;;;;1291000000;-812000000;-275000000;-11000000;-1098000000;-225000000;-30000000;26000000;-229000000;-48000000
IFX.DE;858321;EUR;2017;FY;2017-09-30;2017-11-16;2018-11-16;1128600000;1133900000;791000000;812000000;235000000;-110000000;;;;;1723000000;-1018000000;-6000000;-107000000;-1131000000;-248000000;-118000000;26000000;-340000000;235000000
IFX.DE;858321;EUR;2018;FY;2018-09-30;2018-11-16;2019-11-16;1130500000;1134100000;1218000000;861000000;-11000000;-497000000;;;;;1575000000;-1243000000;-211000000;291000000;-1163000000;-283000000;-321000000;6000000;-542000000;-128000000
IFX.DE;858321;EUR;2019;FY;2019-09-30;2019-11-16;2020-11-16;1163400000;1164800000;889000000;945000000;242000000;-473000000;;;;;1601000000;-1436000000;-924000000;-128000000;-2488000000;-305000000;-22000000;1530000000;1167000000;289000000
IFX.DE;858321;EUR;2020;FY;2020-09-30;2020-11-16;2021-11-16;1264500000;1265500000;372000000;1260000000;201000000;-16000000;;;;;1811000000;-1066000000;1372000000;-7478000000;-7172000000;-356000000;4380000000;2227000000;6274000000;830000000
MRK.DE;1117110;EUR;2016;FY;2016-12-31;2017-02-15;2018-02-15;434777878;434777878;;1934000000;1145000000;-561000000;-73000000;23000000;76000000;-587000000;2518000000;-825000000;113000000;-151000000;-499000000;-597000000;-1311000000;;-1911000000;116000000
MRK.DE;1117110;EUR;2017;FY;2017-12-31;2018-02-15;2019-02-15;434777878;434779027;2615000000;1758000000;-353000000;-1324000000;-221000000;-184000000;234000000;-1153000000;2696000000;-1263000000;-34000000;-6000000;-1147000000;-621000000;-1246000000;;-1871000000;-352000000
MRK.DE;1117110;EUR;2018;FY;2018-12-31;2019-02-15;2020-02-15;434777878;434795802;3396000000;1812000000;-2722000000;-266000000;-109000000;-172000000;104000000;-89000000;2220000000;-918000000;-20000000;;2191000000;-755000000;-2056000000;;-2824000000;1582000000
MRK.DE;1117110;EUR;2019;FY;2019-12-31;2020-02-15;2021-02-15;434777878;434777878;1324000000;1944000000;-4000000;-408000000;-47000000;-324000000;201000000;-238000000;2856000000;-967000000;-55000000;-5020000000;-6152000000;-677000000;2591000000;;1902000000;-1389000000
MRK.DE;1117110;EUR;2020;FY;2020-12-31;2021-02-15;2022-02-15;434777878;434777878;1994000000;1938000000;-59000000;-395000000;-84000000;-85000000;7000000;-233000000;3478000000;-1885000000;62000000;-11000000;-1341000000;-680000000;-835000000;;-1522000000;575000000
MTX.DE;1117259;EUR;2016;FY;2016-12-31;2017-02-15;2018-02-15;51262220;53550600;312600000;177500000;159500000;-291600000;;;;;358000000;-262800000;-51200000;;-314000000;-86900000;374900000;14500000;223300000;269300000
MTX.DE;1117259;EUR;2017;FY;2017-12-31;2018-02-15;2019-02-15;51442495;54970930;358700000;146200000;-45200000;1200000;;;;;460900000;-234900000;-41300000;;-340800000;-97600000;-173200000;14300000;-332900000;-212800000
MTX.DE;1117259;EUR;2018;FY;2018-12-31;2019-02-15;2020-02-15;51580929;55185185;453300000;151500000;125800000;-135900000;;;;;594700000;-256500000;-31200000;;-336100000;-118400000;-83000000;16300000;-262700000;-4100000
MTX.DE;1117259;EUR;2019;FY;2019-12-31;2020-02-15;2021-02-15;51813526;55428007;488000000;207000000;45000000;91000000;;;;;831000000;-427000000;-56000000;;-505000000;-147000000;-601000000;19000000;-323000000;39000000
MTX.DE;1117259;EUR;2020;FY;2020-12-31;2021-02-15;2022-02-15;51813526;51813526;147000000;233000000;85000000;-78000000;;;;;387000000;-196000000;-63000000;;-246000000;-7000000;-10000000;23000000;503000000;633000000
RWE.DE;858324;EUR;2016;FY;2016-12-31;2017-02-15;2018-02-15;614745000;614745000;-5484000000;;8497000000;-661000000;;;;;2352000000;-1543000000;-2587000000;;-4570000000;-407000000;175000000;4514000000;4282000000;2040000000
RWE.DE;858324;EUR;2017;FY;2017-12-31;2018-02-15;2019-02-15;614745000;614745000;1723000000;;-5694000000;200000000;;;;;-1754000000;-668000000;4442000000;;2691000000;-159000000;-833000000;-5000000;-1536000000;-618000000
RWE.DE;858324;EUR;2018;FY;2018-12-31;2019-02-15;2020-02-15;614745000;614745000;-54000000;;192000000;4473000000;;;;;6648000000;-1172000000;-1704000000;;-4404000000;-1025000000;-1255000000;721000000;-990000000;1267000000
RWE.DE;858324;EUR;2019;FY;2019-12-31;2020-02-15;2021-02-15;614745000;614745000;-660000000;2754000000;-285000000;-2786000000;;;;;-1523000000;-1076000000;1592000000;;-729000000;-560000000;1678000000;-60000000;224000000;-2013000000
RWE.DE;858324;EUR;2020;FY;2020-12-31;2021-02-15;2022-02-15;614745000;614745000;889000000;3161000000;58000000;17000000;;;;;4175000000;-2993000000;-1189000000;;-4354000000;-522000000;61000000;2230000000;1775000000;1562000000
SAP.DE;858325;EUR;2016;FY;2016-12-31;2017-02-15;2019-02-15;1198000000;1199000000;3629000000;1268000000;1310000000;-1579000000;;;;;4628000000;-938000000;-756000000;-106000000;-1800000000;-1378000000;-1357000000;27000000;-2705000000;290000000
SAP.DE;858325;EUR;2017;FY;2017-12-31;2018-02-15;2020-02-15;1197000000;1198000000;4046000000;1272000000;1025000000;-1297000000;;;;;5046000000;-1178000000;358000000;-291000000;-1111000000;-1499000000;-1364000000;-500000000;-3406000000;311000000
SAP.DE;858325;EUR;2018;FY;2018-12-31;2019-02-15;2021-02-15;1194000000;1194000000;4088000000;1362000000;1102000000;-2250000000;;;;;4302000000;-1401000000;475000000;-2140000000;-3066000000;-1671000000;4961000000;0;3283000000;4616000000
SAP.DE;858325;EUR;2019;FY;2019-12-31;2020-02-15;2022-02-15;1194000000;1194000000;3370000000;1872000000;1566000000;-3313000000;;;;;3495000000;-746000000;-122000000;-6154000000;-7022000000;-1790000000;2313000000;0;103000000;-3314000000
SAP.DE;858325;EUR;2020;FY;2020-12-31;2021-02-15;2022-02-15;1194000000;1194000000;5283000000;1831000000;806000000;-725000000;;;;;7195000000;-728000000;-1800000000;-459000000;-2987000000;-1864000000;-203000000;-1492000000;-3998000000;-4000000
SIE.DE;849707;EUR;2016;FY;2016-09-30;2016-11-16;2017-11-16;808686000;819914000;5396000000;2764000000;1226000000;-1719000000;;;;;7610000000;-1758000000;-379000000;-913000000;-4144000000;-2827000000;1639000000;-476000000;-2709000000;659000000
SIE.DE;849707;EUR;2017;FY;2017-09-30;2017-11-16;2018-11-16;812180000;829164000;6041000000;3211000000;-295000000;-1731000000;;;;;7176000000;-1864000000;-451000000;-4454000000;-7456000000;-2914000000;2350000000;192000000;-1559000000;-2226000000
SIE.DE;849707;EUR;2018;FY;2018-09-30;2018-11-16;2019-11-16;815063000;828316000;5996000000;3419000000;183000000;-1184000000;;;;;8424000000;-2341000000;380000000;-163000000;-3777000000;-3011000000;-463000000;2655000000;-1947000000;2677000000
SIE.DE;849707;EUR;2019;FY;2019-09-30;2019-11-16;2020-11-16;807273000;818309000;5158000000;2280000000;814000000;-1305000000;;;;;8455000000;-1567000000;-538000000;-941000000;-5010000000;-3060000000;3477000000;-363000000;-2278000000;1324000000
SIE.DE;849707;EUR;2020;FY;2020-09-30;2020-11-16;2021-11-16;806335000;817364000;4156000000;3098000000;344000000;253000000;;;;;8863000000;-1451000000;-95000000;-1509000000;-5183000000;-3174000000;7375000000;1107000000;3172000000;1664000000
VNA.DE;858328;EUR;2016;FY;2016-12-31;2017-02-15;2018-02-15;497082866;497082866;2512900000;27000000;-1625100000;-85900000;;;;;828900000;411800000;;300000;416400000;-445400000;-1642100000;;-2812400000;-1567100000
VNA.DE;858328;EUR;2017;FY;2017-12-31;2018-02-15;2019-02-15;508242979;508242979;2566900000;372200000;-1869400000;-123700000;;;;;946000000;58400000;;-1412000000;-1350100000;-277900000;-328200000;;-870500000;-1274600000
VNA.DE;858328;EUR;2018;FY;2018-12-31;2019-02-15;2021-03-02;539452560;539452560;2402800000;737900000;-2004800000;-3400000;;;;;1132500000;-508700000;;-3387700000;-3892500000;-401100000;3162600000;995800000;3041500000;281500000
VNA.DE;858328;EUR;2019;FY;2019-12-31;2020-02-15;2021-03-02;568267541;568267541;1294300000;2175800000;-1969600000;55400000;;;;;1555900000;-794900000;;-1716200000;-2505700000;-417700000;1684200000;744200000;902800000;-47000000
VNA.DE;858328;EUR;2020;FY;2020-12-31;2021-02-15;2021-02-15;587128769;587128769;3340000000;92300000;-1867200000;-134600000;;;;;1430500000;-1407800000;;-330300000;-1729900000;-40000000;444000000;;402600000;112600000
VOW.DE;858327;EUR;2016;FY;2016-12-31;2017-02-15;2018-02-15;501295263;501295263;7292000000;;18479000000;-16342000000;;;;;9429000000;-12801000000;-1245000000;1755000000;-20679000000;-364000000;-9375000000;;9713000000;-1628000000
VOW.DE;858327;EUR;2017;FY;2017-12-31;2018-02-15;2019-02-15;501295263;501295263;13673000000;22030000000;-3519000000;-33368000000;;;;;-1184000000;-12641000000;1711000000;-318000000;-16508000000;-1332000000;15483000000;3473000000;17624000000;-795000000
VOW.DE;858327;EUR;2018;FY;2018-12-31;2019-02-15;2020-02-15;501295263;501295263;15643000000;22391000000;-2945000000;-27818000000;;;;;7271000000;-13447000000;-2204000000;-706000000;-21591000000;-2375000000;25477000000;1491000000;24565000000;10075000000
VOW.DE;858327;EUR;2019;FY;2019-12-31;2020-02-15;2021-04-26;501295263;501295263;18356000000;20474000000;777000000;-21624000000;;;;;17983000000;-13993000000;387000000;-913000000;-21146000000;-2899000000;5175000000;;-865000000;-3784000000
VOW.DE;858327;EUR;2020;FY;2020-12-31;2021-04-26;2022-02-15;501295263;501295263;11667000000;9214000000;13285000000;-9265000000;;;;;24901000000;-10862000000;-4462000000;-1037000000;-22691000000;-2952000000;4266000000;2984000000;7637000000;9102000000
